Workbook

Sheet Dashboard
D2: PROJECT MANAGEMENT Technical Project Management
L7: Project Health
L10: =System!B8 -> #REF! | M10: =System!B8 -> #REF!
B22: OPEN ISSUE SUMMARY | H22: OPEN ACTIONS
B23: BY CATEGORY | H23: Due | I23: Owner | J23: Action | K23: Status
B24: =System!Y2 -> Documentation | C24: =System!Z2 -> 0 | H24: {=_xlfn.ANCHORARRAY(System!J2)}
B25: =System!Y3 -> Manufacturing | C25: =System!Z3 -> 0
B26: =System!Y4 -> Material | C26: =System!Z4 -> 0
B27: =System!Y5 -> Tolerance | C27: =System!Z5 -> 0
B28: =System!Y6 -> Surface Finish | C28: =System!Z6 -> 0
B29: =System!Y7 -> Assembly | C29: =System!Z7 -> 0
B30: =System!Y8 -> Quality | C30: =System!Z8 -> 0
B31: =System!Y9 -> Supplier Capability | C31: =System!Z9 -> 0
B32: =System!Y10 -> Commercial | C32: =System!Z10 -> 0
B33: =System!Y11 -> Logistics | C33: =System!Z11 -> 0
B34: =System!Y12 -> Drawing | C34: =System!Z12 -> 0
B35: =System!Y13 -> Packaging | C35: =System!Z13 -> 0
B36: =System!Y14 -> Other | C36: =System!Z14 -> 0
B38: OPEN ISSUES (Detailed)
B39: Priority | C39: Owner | D39: Issue | E39: Status | F39: Category
B40: {=_xlfn.ANCHORARRAY(System!D2)}

Sheet Project Info
A2: Project Name:
A3: Customer:
A4: Project Manager:
A5: Project Status:
A6: Current Phase:
A7: RFQ Phase:
A8: RFQ Submission Date:
A9: Target Delivery:
A10: Main Contact:
A11: Customer PO:
A12: Internal Project No.
A13: Target RFQ Value:
A14: Project Description:

Sheet Technical Discussions
A1: ID | B1: Date Opened | C1: Issue | D1: Status | E1: Priority | F1: Phase | G1: Technology | H1: Category | I1: Part Number | J1: Part Description | K1: Drawing No. | L1: Rev | M1: Discussion Logs | N1: Supplier | O1: Current Owner | P1: Picture | Q1: Drawing Link | R1: Comments | S1: Date Closed | T1: Last Updated | U1: Reference
A2: D-001
A3: D-002
A4: D-003
A5: D-004
A6: D-005
A7: D-006
A8: D-007
A9: D-008
A10: D-009
A11: D-010
A12: D-011
A13: {="D-"&TEXT(ROW()-ROW(tblDiscussions[#Headers]),"000")} -> D-012
A14: {="D-"&TEXT(ROW()-ROW(tblDiscussions[#Headers]),"000")} -> D-013
A15: {="D-"&TEXT(ROW()-ROW(tblDiscussions[#Headers]),"000")} -> D-014
A16: {="D-"&TEXT(ROW()-ROW(tblDiscussions[#Headers]),"000")} -> D-015
A17: {="D-"&TEXT(ROW()-ROW(tblDiscussions[#Headers]),"000")} -> D-016

Sheet Action Items
A1: Action ID | B1: Date Opened | C1: Action | D1: Related Discussion ID | E1: Category | F1: Owner | G1: Due Date | H1: Status | I1: Completion Date | J1: Comments
A2: A-001
A3: A-002
A4: A-003
A5: A-004
A6: A-005
A7: A-006
A8: A-007
A9: A-008
A10: A-009
A11: A-010
A12: A-011

Sheet Meetings
A1: Meeting ID | B1: Meeting Date | C1: Meeting Type | D1: Participants | E1: Summary | F1: Meeting Reference | G1: Comments
A2: M-001

Sheet RFQ Tracker

Sheet Lists
A1: Priority | C1: Status | E1: Phase | G1: Category | I1: Technology | K1: Impact | M1: Action Status | O1: Meeting Type
A2: High | C2: Open | E2: RFQ Preparation | G2: Documentation | I2: Sheet Metal | K2: Cost | M2: Open | O2: Customer
A3: Medium | C3: Waiting Customer | E3: RFQ Submitted | G3: Manufacturing | I3: CNC Machining | K3: Lead Time | M3: Waiting Supplier | O3: Supplier
A4: Low | C4: Waiting Supplier | E4: Customer Review | G4: Material | I4: Injection Molding | K4: Quality | M4: Waiting Customer | O4: Internal
C5: Waiting Internal | E5: Supplier Quotation | G5: Tolerance | I5: Casting | K5: Function | M5: Waiting Internal | O5: Teams Call
C6: Resolved | E6: Manufacturing | G6: Surface Finish | I6: Welding | K6: Documentation | M6: Completed | O6: Phone Call
C7: Closed | E7: Inspection | G7: Assembly | I7: Assembly | K7: Schedule | M7: Cancelled | O7: Site Visit
E8: Shipping | G8: Quality | I8: Finishing | O8: Weekly
E9: Completed | G9: Supplier Capability | I9: Extrusion
E10: On Hold | G10: Commercial | I10: Surface Treatment
G11: Logistics | I11: Other
G12: Drawing
G13: Packaging
G14: Other

Sheet System
A1: Dashboard Calculations | D1: Priority | E1: Owner | F1: Issue | G1: Status | H1: Category | J1: Due Date | K1: Owner | L1: Action | M1: Status | P1: Due Date | Q1: Category | R1: Description | S1: Responsible | V1: Severity | Y1: Category | Z1: Count
A2: Open Issues | B2: =COUNTIFS( tblDiscussions[Status],"<>", tblDiscussions[Status],"<>Closed" ) -> 0 | D2: {=IFERROR( _xlfn.TAKE( _xlfn.SORTBY( _xlfn._xlws.FILTER( _xlfn.HSTACK( tblDiscussions[Priority]&"", tblDiscussions[Current Owner]&"", tblDiscussions[Issue]&"", tblDiscussions[Status]&"", tblDiscussions[Category]&"" ), (tblDiscussions[Status]<>"")* (tblDiscussions[Status]<>"Resolved")* (tblDiscussions[Status]<>"Closed") ), _xlfn.SWITCH( INDEX( _xlfn._xlws.FILTER(tblDiscussions[Priority], (tblDiscussions[Status]<>"")* (tblDiscussions[Status]<>"Resolved")* (tblDiscussions[Status]<>"Closed") ), 0), "High",3, "Medium",2, "Low",1, 0 ), -1 ), 5 ), "" )} | J2: {=IFERROR( _xlfn.LET( _xlpm.Data, _xlfn._xlws.FILTER( _xlfn.HSTACK( tblActions[Due Date], tblActions[Owner]&"", tblActions[Action]&"", tblActions[Status]&"" ), (tblActions[Action]<>"")* (tblActions[Status]<>"")* (tblActions[Status]<>"Completed")* (tblActions[Status]<>"Cancelled") ), _xlpm.Sorted, _xlfn.SORTBY( _xlpm.Data, IF(INDEX(_xlpm.Data,,1)="",DATE(9999,12,31),INDEX(_xlpm.Data,,1)), 1 ), _xlfn.TAKE(_xlpm.Sorted,10) ), "" )} | P2: {=IFERROR( _xlfn._xlws.SORT( _xlfn._xlws.FILTER( _xlfn.HSTACK( tblActions[Due Date], tblActions[Category]&"", tblActions[Action]&"", tblActions[Owner]&"" ), (tblActions[Action]<>"")* (tblActions[Status]<>"")* (tblActions[Status]<>"Completed")* (tblActions[Status]<>"Cancelled")* (tblActions[Due Date]<>"") ), 1,1 ), {"","","",""} )} | V2: High | W2: =COUNTIFS(tblDiscussions[Priority],"High",tblDiscussions[Status],"<>Closed") -> 0 | Y2: =Lists!G2 -> Documentation | Z2: =COUNTIFS( tblDiscussions[Category],Y2, tblDiscussions[Status],"<>", tblDiscussions[Status],"<>Closed" ) -> 0
A3: Open Actions | B3: =COUNTIFS( tblActions[Action],"<>", tblActions[Status],"<>", tblActions[Status],"<>Completed", tblActions[Status],"<>Cancelled" ) -> 0 | V3: Medium | W3: =COUNTIFS(tblDiscussions[Priority],"Medium",tblDiscussions[Status],"<>Closed") -> 0 | Y3: =Lists!G3 -> Manufacturing | Z3: =COUNTIFS( tblDiscussions[Category],Y3, tblDiscussions[Status],"<>", tblDiscussions[Status],"<>Closed" ) -> 0
A4: Last Meeting | B4: =_xlfn.LET( _xlpm.LastMeeting,_xlfn.MAXIFS(tblMeetings[Meeting Date],tblMeetings[Meeting Date],"<="&TODAY()), IF(_xlpm.LastMeeting=0,"",_xlpm.LastMeeting) ) | V4: Low | W4: =COUNTIFS(tblDiscussions[Priority],"Low",tblDiscussions[Status],"<>Closed") -> 0 | Y4: =Lists!G4 -> Material | Z4: =COUNTIFS( tblDiscussions[Category],Y4, tblDiscussions[Status],"<>", tblDiscussions[Status],"<>Closed" ) -> 0
A5: Days to Delivery | B5: =IF('Project Info'!B9="","",'Project Info'!B9-TODAY()) | Y5: =Lists!G5 -> Tolerance | Z5: =COUNTIFS( tblDiscussions[Category],Y5, tblDiscussions[Status],"<>", tblDiscussions[Status],"<>Closed" ) -> 0
Y6: =Lists!G6 -> Surface Finish | Z6: =COUNTIFS( tblDiscussions[Category],Y6, tblDiscussions[Status],"<>", tblDiscussions[Status],"<>Closed" ) -> 0
A7: Overdue Items | B7: =COUNTIFS( tblDiscussions[Issue],"<>", #REF!,"<"&TODAY(), tblDiscussions[Status],"<>", tblDiscussions[Status],"<>Closed" ) + COUNTIFS( tblActions[Action],"<>", tblActions[Due Date],"<"&TODAY(), tblActions[Status],"<>", tblActions[Status],"<>Completed", tblActions[Status],"<>Cancelled" ) -> #REF! | Y7: =Lists!G7 -> Assembly | Z7: =COUNTIFS( tblDiscussions[Category],Y7, tblDiscussions[Status],"<>", tblDiscussions[Status],"<>Closed" ) -> 0
A8: Project Health | B8: {=_xlfn.IFS( B7=0,"On Track", B7<=2,"At Risk", TRUE,"Critical" )} -> #REF! | Y8: =Lists!G8 -> Quality | Z8: =COUNTIFS( tblDiscussions[Category],Y8, tblDiscussions[Status],"<>", tblDiscussions[Status],"<>Closed" ) -> 0
Y9: =Lists!G9 -> Supplier Capability | Z9: =COUNTIFS( tblDiscussions[Category],Y9, tblDiscussions[Status],"<>", tblDiscussions[Status],"<>Closed" ) -> 0
A10: Last Update | B10: =_xlfn.LET( _xlpm.Meeting,IFERROR(MAX(tblMeetings[Meeting Date]),0), _xlpm.Discussion,IFERROR(MAX(tblDiscussions[Date Opened]),0), _xlpm.Action,IFERROR(MAX(tblActions[Date Opened]),0), _xlpm.Latest,MAX(_xlpm.Meeting,_xlpm.Discussion,_xlpm.Action), IF(_xlpm.Latest=0,"",_xlpm.Latest) ) | Y10: =Lists!G10 -> Commercial | Z10: =COUNTIFS( tblDiscussions[Category],Y10, tblDiscussions[Status],"<>", tblDiscussions[Status],"<>Closed" ) -> 0
Y11: =Lists!G11 -> Logistics | Z11: =COUNTIFS( tblDiscussions[Category],Y11, tblDiscussions[Status],"<>", tblDiscussions[Status],"<>Closed" ) -> 0
Y12: =Lists!G12 -> Drawing | Z12: =COUNTIFS( tblDiscussions[Category],Y12, tblDiscussions[Status],"<>", tblDiscussions[Status],"<>Closed" ) -> 0
Y13: =Lists!G13 -> Packaging | Z13: =COUNTIFS( tblDiscussions[Category],Y13, tblDiscussions[Status],"<>", tblDiscussions[Status],"<>Closed" ) -> 0
Y14: =Lists!G14 -> Other | Z14: =COUNTIFS( tblDiscussions[Category],Y14, tblDiscussions[Status],"<>", tblDiscussions[Status],"<>Closed" ) -> 0
